{"eval/reward/episode_reward_min":0,"train/agents/loss_objective":-0.044101908802986145,"collection/reward/reward_min":-0.06492233276367188,"eval/reward/episode_reward_max":4.831085205078125,"timers/collection_time":10.180384874343872,"timers/training_time":7.40134072303772,"counters/total_frames":12000,"_wandb":{"runtime":7},"_step":1,"train/agents/clip_fraction":0.09354814141988754,"eval/agents/reward/episode_reward_max":4.831085205078125,"collection/agents/reward/episode_reward_max":2.778411865234375,"collection/reward/reward_mean":0.005386545322835445,"train/agents/loss_entropy":0,"train/agents/explained_variance":0.7027753591537476,"collection/reward/reward_max":0.16274261474609375,"counters/current_frames":6000,"train/agents/ESS":0.9827712774276733,"train/agents/entropy":1.2990498542785645,"eval/reward/episode_len_mean":160.2,"eval/reward/episode_reward_mean":1.7724746465682983,"_timestamp":1.7682432537128742e+09,"train/agents/loss_critic":0.002589420648291707,"counters/iter":1,"collection/agents/reward/episode_reward_mean":0.9255057573318481,"eval/video":{"_type":"video-file","sha256":"3188b60f43eae45982b0645372d2aad64e0298db5312d074ae6e8bb1f5d7061d","size":24366,"path":"media/videos/eval/video_0_3188b60f43eae45982b0.mp4","width":700,"height":700},"train/agents/grad_norm_loss_critic":0.030974211171269417,"eval/agents/reward/episode_reward_mean":1.7724746465682983,"_runtime":7,"timers/iteration_time":17.58346939086914,"train/agents/grad_norm_loss_objective":0.014911962673068047,"collection/agents/reward/episode_reward_min":-0.457611083984375,"timers/total_time":46.950827836990356,"collection/reward/episode_reward_mean":0.9255057573318481,"collection/reward/episode_reward_min":-0.457611083984375,"timers/evaluation_time":5.880089044570923,"eval/agents/reward/episode_reward_min":0,"train/agents/kl_approx":0.011264675296843052,"collection/reward/episode_reward_max":2.778411865234375}