{"train/agents/grad_norm_loss_critic":4.792508602142334,"counters/current_frames":6000,"train/agents/grad_norm_loss_objective":15.901036262512207,"counters/total_frames":3000000,"eval/agents/reward/episode_reward_min":45.871360778808594,"collection/agents/reward/episode_reward_max":77.66250610351562,"counters/iter":499,"collection/agents/reward/episode_reward_min":39.826416015625,"eval/video":{"width":1400,"height":1400,"_type":"video-file","sha256":"03a712531c0716ea5c8d3154a4180310cc84c90e129732a58c08a68aa2fb62d3","size":57824,"path":"media/videos/eval/video_499_03a712531c0716ea5c8d.mp4"},"train/agents/loss_critic":0.17547304928302765,"eval/agents/reward/episode_reward_max":72.66915893554688,"train/agents/clip_fraction":0.2010277807712555,"collection/reward/episode_reward_min":39.826416015625,"collection/reward/reward_max":1.1063079833984375,"timers/evaluation_time":0.636610746383667,"collection/reward/reward_min":-9.740364074707031,"collection/reward/episode_reward_max":77.66250610351562,"_wandb":{"runtime":0},"eval/reward/episode_len_mean":99.5,"eval/reward/episode_reward_mean":58.79365921020508,"_timestamp":1.767823514878502e+09,"collection/agents/info/pos_rew":0.6346569061279297,"train/agents/ESS":0.9648619890213013,"train/agents/loss_objective":-0.0017948687309399247,"collection/reward/reward_mean":0.6313235759735107,"timers/training_time":5.405403137207031,"collection/agents/info/ground_rew":-0.0033333334140479565,"eval/reward/episode_reward_min":45.871360778808594,"collection/reward/episode_reward_mean":62.95826721191406,"train/agents/explained_variance":0.9989829063415527,"collection/agents/reward/episode_reward_mean":62.95826721191406,"train/agents/loss_entropy":0,"timers/iteration_time":9.058067083358765,"timers/total_time":3994.679560661316,"train/agents/kl_approx":0.01863396167755127,"eval/agents/reward/episode_reward_mean":58.79365921020508,"_runtime":0,"timers/collection_time":1.632016897201538,"train/agents/entropy":-7.693134307861328,"eval/reward/episode_reward_max":72.66915893554688,"_step":499}