{"timers/training_time":9.196531534194946,"collection/reward/reward_max":0.022715330123901367,"collection/agents/info/agent_collision_rew":0,"collection/agents/info/final_rew":0,"timers/total_time":4599.235267400742,"collection/agents/info/energy_rew":0,"collection/agents/reward/episode_reward_max":3.275404930114746,"eval/agents/reward/episode_reward_max":3.5408294200897217,"collection/agents/info/pos_rew":0.006938482169061899,"counters/iter":199,"train/agents/explained_variance":0.9701438546180725,"timers/evaluation_time":13.529139518737793,"collection/agents/info/obstacle_collision_rew":0,"counters/current_frames":6000,"train/agents/grad_norm_loss_objective":0.03353217616677284,"eval/video":{"size":79135,"path":"media/videos/eval/video_199_618303ce8317860c7400.mp4","width":1600,"height":700,"_type":"video-file","sha256":"618303ce8317860c7400c2f0d375758de253f3326fa423d40c1131d1891e9c2c"},"counters/total_frames":1200000,"collection/reward/reward_min":-0.008081912994384766,"train/agents/loss_critic":0.0017060106620192528,"train/agents/clip_fraction":0.02668703719973564,"eval/agents/reward/episode_reward_min":3.5408294200897217,"_timestamp":1.7683422321406136e+09,"_runtime":3,"train/agents/ESS":0.9938009977340698,"collection/reward/episode_reward_min":2.582817792892456,"collection/reward/reward_mean":0.006938482169061899,"eval/reward/episode_reward_mean":3.5408291816711426,"timers/collection_time":14.130725383758545,"_wandb":{"runtime":3},"train/agents/kl_approx":0.004680505022406578,"timers/iteration_time":54.908899545669556,"collection/reward/episode_reward_mean":2.923459529876709,"train/agents/entropy":-0.09191334247589111,"train/agents/grad_norm_loss_critic":0.03987540304660797,"_step":199,"train/agents/loss_entropy":0.001838266965933144,"collection/agents/reward/episode_reward_mean":2.923459529876709,"train/agents/loss_objective":0.011696127243340015,"eval/reward/episode_reward_max":3.5408294200897217,"collection/reward/episode_reward_max":3.275404930114746,"collection/agents/reward/episode_reward_min":2.582817792892456,"eval/reward/episode_reward_min":3.5408294200897217,"eval/reward/episode_len_mean":400,"eval/agents/reward/episode_reward_mean":3.5408291816711426}