{"collection/agents/reward/episode_reward_mean":0.9255057573318481,"collection/agents/reward/episode_reward_max":2.778411865234375,"_runtime":0,"eval/reward/episode_len_mean":160.2,"eval/reward/episode_reward_mean":1.7724746465682983,"collection/reward/reward_min":-0.06492233276367188,"eval/agents/reward/episode_reward_mean":1.7724746465682983,"train/agents/loss_critic":0.002589420648291707,"train/agents/grad_norm_loss_objective":0.014911962673068047,"collection/reward/reward_mean":0.005386545322835445,"_wandb":{"runtime":0},"timers/collection_time":9.454528331756592,"train/agents/clip_fraction":0.09354814141988754,"timers/total_time":45.33716821670532,"counters/total_frames":12000,"collection/reward/reward_max":0.16274261474609375,"eval/reward/episode_reward_min":0,"eval/agents/reward/episode_reward_min":0,"timers/training_time":7.993574619293213,"collection/reward/episode_reward_min":-0.457611083984375,"eval/agents/reward/episode_reward_max":4.831085205078125,"collection/reward/episode_reward_mean":0.9255057573318481,"collection/agents/reward/episode_reward_min":-0.457611083984375,"train/agents/kl_approx":0.011264675296843052,"_timestamp":1.768244499718832e+09,"counters/iter":1,"train/agents/loss_objective":-0.044101908802986145,"train/agents/explained_variance":0.7027753591537476,"timers/iteration_time":17.449724197387695,"timers/evaluation_time":4.3659446239471436,"train/agents/ESS":0.9827712774276733,"eval/video":{"path":"media/videos/eval/video_0_3188b60f43eae45982b0.mp4","width":700,"height":700,"_type":"video-file","sha256":"3188b60f43eae45982b0645372d2aad64e0298db5312d074ae6e8bb1f5d7061d","size":24366},"train/agents/loss_entropy":0,"train/agents/entropy":1.2990498542785645,"collection/reward/episode_reward_max":2.778411865234375,"eval/reward/episode_reward_max":4.831085205078125,"counters/current_frames":6000,"_step":1,"train/agents/grad_norm_loss_critic":0.030974211171269417}