{"collection/agents/reward/episode_reward_max":2.7924346923828125,"train/agents/kl_approx":0.009906287305057049,"timers/training_time":17.655228853225708,"collection/reward/reward_mean":0.005504230968654156,"eval/agents/reward/episode_reward_mean":0.5920856595039368,"train/agents/loss_entropy":0,"collection/reward/reward_max":0.07844161987304688,"train/agents/clip_fraction":0.09253611415624619,"collection/agents/reward/episode_reward_min":-0.3252220153808594,"eval/reward/episode_len_mean":100,"train/agents/grad_norm_loss_objective":0.01780102401971817,"collection/reward/episode_reward_max":2.7924346923828125,"counters/iter":2,"timers/iteration_time":27.34329128265381,"_step":2,"timers/evaluation_time":3.1522204875946045,"collection/reward/episode_reward_mean":0.4119526743888855,"eval/reward/episode_reward_mean":0.5920856595039368,"eval/video":{"size":12343,"path":"media/videos/eval/video_0_6c80e28f10bb8d79e2e7.mp4","width":700,"height":700,"_type":"video-file","sha256":"6c80e28f10bb8d79e2e709e3f9088d9a16315bf076aff48a99ff544311d11bdb"},"_runtime":17,"timers/collection_time":9.686503648757935,"train/agents/loss_critic":0.002822610316798091,"collection/agents/reward/episode_reward_mean":0.4119526743888855,"eval/agents/reward/episode_reward_min":-0.6767311096191406,"train/agents/explained_variance":0.630211591720581,"eval/agents/reward/episode_reward_max":2.1797637939453125,"timers/total_time":88.71756958961487,"_timestamp":1.7682348254104912e+09,"train/agents/ESS":0.9828781485557556,"collection/reward/episode_reward_min":-0.3252220153808594,"counters/total_frames":18000,"_wandb":{"runtime":17},"eval/reward/episode_reward_max":2.1797637939453125,"train/agents/loss_objective":-0.0536155179142952,"counters/current_frames":6000,"eval/reward/episode_reward_min":-0.6767311096191406,"train/agents/grad_norm_loss_critic":0.032177578657865524,"collection/reward/reward_min":-0.07025146484375,"train/agents/entropy":1.3058717250823975}