{
    "vmas": {
        "give_way": {
            "mappo": {
                "seed_0": {
                    "absolute_metrics": {
                        "agents_return": [
                            3.697235345840454
                        ],
                        "return": [
                            3.697235345840454
                        ]
                    },
                    "step_0": {
                        "step_count": 6000,
                        "agents_return": [
                            0.0,
                            0.0,
                            0.0,
                            0.0,
                            0.0,
                            0.0,
                            0.0,
                            0.0,
                            0.0,
                            0.0
                        ],
                        "return": [
                            0.0,
                            0.0,
                            0.0,
                            0.0,
                            0.0,
                            0.0,
                            0.0,
                            0.0,
                            0.0,
                            0.0
                        ]
                    },
                    "step_1": {
                        "step_count": 120000,
                        "agents_return": [
                            3.697235345840454,
                            3.697235345840454,
                            3.697235345840454,
                            3.697235345840454,
                            3.697235345840454,
                            3.697235345840454,
                            3.697235345840454,
                            3.697235345840454,
                            3.697235345840454,
                            3.697235345840454
                        ],
                        "return": [
                            3.697235345840454,
                            3.697235345840454,
                            3.697235345840454,
                            3.697235345840454,
                            3.697235345840454,
                            3.697235345840454,
                            3.697235345840454,
                            3.697235345840454,
                            3.697235345840454,
                            3.697235345840454
                        ]
                    },
                    "step_2": {
                        "step_count": 240000,
                        "agents_return": [
                            3.6781249046325684,
                            3.6781249046325684,
                            3.6781249046325684,
                            3.6781249046325684,
                            3.6781249046325684,
                            3.6781249046325684,
                            3.6781249046325684,
                            3.6781249046325684,
                            3.6781249046325684,
                            3.6781249046325684
                        ],
                        "return": [
                            3.6781249046325684,
                            3.6781249046325684,
                            3.6781249046325684,
                            3.6781249046325684,
                            3.6781249046325684,
                            3.6781249046325684,
                            3.6781249046325684,
                            3.6781249046325684,
                            3.6781249046325684,
                            3.6781249046325684
                        ]
                    },
                    "step_3": {
                        "step_count": 360000,
                        "agents_return": [
                            3.5845470428466797,
                            3.5845470428466797,
                            3.5845470428466797,
                            3.5845470428466797,
                            3.5845470428466797,
                            3.5845470428466797,
                            3.5845470428466797,
                            3.5845470428466797,
                            3.5845470428466797,
                            3.5845470428466797
                        ],
                        "return": [
                            3.5845470428466797,
                            3.5845470428466797,
                            3.5845470428466797,
                            3.5845470428466797,
                            3.5845470428466797,
                            3.5845470428466797,
                            3.5845470428466797,
                            3.5845470428466797,
                            3.5845470428466797,
                            3.5845470428466797
                        ]
                    },
                    "step_4": {
                        "step_count": 480000,
                        "agents_return": [
                            3.673290967941284,
                            3.673290967941284,
                            3.673290967941284,
                            3.673290967941284,
                            3.673290967941284,
                            3.673290967941284,
                            3.673290967941284,
                            3.673290967941284,
                            3.673290967941284,
                            3.673290967941284
                        ],
                        "return": [
                            3.673290967941284,
                            3.673290967941284,
                            3.673290967941284,
                            3.673290967941284,
                            3.673290967941284,
                            3.673290967941284,
                            3.673290967941284,
                            3.673290967941284,
                            3.673290967941284,
                            3.673290967941284
                        ]
                    },
                    "step_5": {
                        "step_count": 600000,
                        "agents_return": [
                            3.5539920330047607,
                            3.5539920330047607,
                            3.5539920330047607,
                            3.5539920330047607,
                            3.5539920330047607,
                            3.5539920330047607,
                            3.5539920330047607,
                            3.5539920330047607,
                            3.5539920330047607,
                            3.5539920330047607
                        ],
                        "return": [
                            3.5539920330047607,
                            3.5539920330047607,
                            3.5539920330047607,
                            3.5539920330047607,
                            3.5539920330047607,
                            3.5539920330047607,
                            3.5539920330047607,
                            3.5539920330047607,
                            3.5539920330047607,
                            3.5539920330047607
                        ]
                    },
                    "step_6": {
                        "step_count": 720000,
                        "agents_return": [
                            3.563450813293457,
                            3.563450813293457,
                            3.563450813293457,
                            3.563450813293457,
                            3.563450813293457,
                            3.563450813293457,
                            3.563450813293457,
                            3.563450813293457,
                            3.563450813293457,
                            3.563450813293457
                        ],