{
    "vmas": {
        "reverse_transport": {
            "mappo": {
                "seed_0": {
                    "absolute_metrics": {
                        "agents_return": [
                            33.787567138671875
                        ],
                        "return": [
                            33.787567138671875
                        ]
                    },
                    "step_0": {
                        "step_count": 6000,
                        "agents_return": [
                            0.061004638671875,
                            -0.30377960205078125,
                            -0.3918304443359375,
                            0.0,
                            1.4405593872070312,
                            -0.19649505615234375,
                            1.2852783203125,
                            1.1313629150390625,
                            -0.5218505859375,
                            2.038848876953125
                        ],
                        "return": [
                            0.061004638671875,
                            -0.30377960205078125,
                            -0.3918304443359375,
                            0.0,
                            1.4405593872070312,
                            -0.19649505615234375,
                            1.2852783203125,
                            1.1313629150390625,
                            -0.5218505859375,
                            2.038848876953125
                        ]
                    },
                    "step_1": {
                        "step_count": 120000,
                        "agents_return": [
                            20.76398468017578,
                            21.286972045898438,
                            13.286720275878906,
                            14.44879150390625,
                            2.6632156372070312,
                            25.067138671875,
                            11.141647338867188,
                            14.917655944824219,
                            9.27981185913086,
                            8.787040710449219
                        ],
                        "return": [
                            20.76398468017578,
                            21.286972045898438,
                            13.286720275878906,
                            14.44879150390625,
                            2.6632156372070312,
                            25.067138671875,
                            11.141647338867188,
                            14.917655944824219,
                            9.27981185913086,
                            8.787040710449219
                        ]
                    },
                    "step_2": {
                        "step_count": 240000,
                        "agents_return": [
                            14.953670501708984,
                            26.97228240966797,
                            26.834205627441406,
                            27.00251007080078,
                            25.342605590820312,
                            20.02568817138672,
                            22.8204345703125,
                            24.667022705078125,
                            20.745193481445312,
                            -0.359771728515625
                        ],
                        "return": [
                            14.953670501708984,
                            26.97228240966797,
                            26.834205627441406,
                            27.00251007080078,
                            25.342605590820312,
                            20.02568817138672,
                            22.8204345703125,
                            24.667022705078125,
                            20.745193481445312,
                            -0.359771728515625
                        ]
                    },
                    "step_3": {
                        "step_count": 360000,
                        "agents_return": [
                            0.0,
                            0.0,
                            29.36236572265625,
                            24.5858154296875,
                            24.94806671142578,
                            5.057132720947266,
                            22.87499237060547,
                            29.06048583984375,
                            23.252296447753906,
                            25.471885681152344
                        ],
                        "return": [
                            0.0,
                            0.0,
                            29.36236572265625,
                            24.5858154296875,
                            24.94806671142578,
                            5.057132720947266,
                            22.87499237060547,
                            29.06048583984375,
                            23.252296447753906,
                            25.471885681152344
                        ]
                    },
                    "step_4": {
                        "step_count": 480000,
                        "agents_return": [
                            0.0,
                            21.08464813232422,
                            28.783203125,
                            31.12737274169922,
                            25.923011779785156,
                            28.783706665039062,
                            27.017257690429688,
                            16.715679168701172,
                            33.787567138671875,
                            9.867889404296875
                        ],
                        "return": [
                            0.0,
                            21.08464813232422,
                            28.783203125,
                            31.12737274169922,
                            25.923011779785156,
                            28.783706665039062,
                            27.017257690429688,
                            16.715679168701172,
                            33.787567138671875,
                            9.867889404296875
                        ]
                    },
                    "step_5": {
                        "step_count": 600000,
                        "agents_return": [
                            11.834663391113281,
                            27.848968505859375,
                            19.286109924316406,
                            25.970787048339844,
                            32.325889587402344,
                            28.592269897460938,
                            26.48431396484375,
                            24.22107696533203,
                            25.672210693359375,
                            19.699138641357422
                        ],
                        "return": [
                            11.834663391113281,
                            27.848968505859375,
                            19.286109924316406,
                            25.970787048339844,
                            32.325889587402344,
                            28.592269897460938,
                            26.48431396484375,
                            24.22107696533203,
                            25.672210693359375,
                            19.699138641357422
                        ]
                    }
                }
            }
        }
    }
}