{
    "vmas": {
        "reverse_transport": {
            "mappo": {
                "seed_0": {
                    "absolute_metrics": {
                        "agents_return": [
                            4.8289947509765625
                        ],
                        "return": [
                            4.8289947509765625
                        ]
                    },
                    "step_0": {
                        "step_count": 6000,
                        "agents_return": [
                            0.21929168701171875,
                            2.1661148071289062,
                            0.0,
                            4.8289947509765625,
                            0.8606719970703125,
                            0.0,
                            3.0629119873046875,
                            3.1610107421875,
                            0.7255744934082031,
                            2.8836441040039062
                        ],
                        "return": [
                            0.21929168701171875,
                            2.1661148071289062,
                            0.0,
                            4.8289947509765625,
                            0.8606719970703125,
                            0.0,
                            3.0629119873046875,
                            3.1610107421875,
                            0.7255744934082031,
                            2.8836441040039062
                        ]
                    }
                }
            }
        }
    }
}