{"collection/agents/reward/episode_reward_mean":2.1702816486358643,"collection/reward/reward_min":-0.08919599652290344,"collection/agents/reward/episode_reward_min":0.08307865262031555,"eval/video":{"path":"media/videos/eval/video_99_799dfc4643b912d5f03a.mp4","width":700,"height":700,"_type":"video-file","sha256":"799dfc4643b912d5f03a7a2c59ab67a1f59982b6e4feeee65c8fa4541c8110db","size":80205},"train/agents/loss_objective":0.002896794816479087,"collection/reward/reward_max":0.12057024240493774,"train/agents/grad_norm_loss_critic":0.07548852264881134,"collection/reward/episode_reward_min":0.08307865262031555,"timers/collection_time":18.665651082992554,"_wandb":{"runtime":3},"timers/total_time":2766.078395843506,"collection/reward/reward_mean":0.01085141021758318,"timers/evaluation_time":7.321240663528442,"collection/agents/reward/episode_reward_max":3.329314947128296,"timers/iteration_time":38.38743829727173,"eval/reward/episode_reward_min":0.15718883275985718,"eval/reward/episode_reward_mean":1.9747793674468994,"train/agents/explained_variance":0.9940887093544006,"train/agents/grad_norm_loss_objective":0.09064997732639313,"train/agents/clip_fraction":0.06155925616621971,"train/agents/loss_critic":0.00207682722248137,"counters/current_frames":6000,"_timestamp":1.768248755007769e+09,"collection/agents/info/collision_rew":0,"train/agents/ESS":0.9893195629119873,"_runtime":3,"collection/agents/info/energy_rew":0,"eval/reward/episode_reward_max":2.99466872215271,"collection/reward/episode_reward_max":3.329314947128296,"eval/agents/reward/episode_reward_min":0.15718883275985718,"train/agents/loss_entropy":0,"collection/agents/info/pos_rew":0.0077075413428246975,"collection/agents/info/rot_rew":0.0031438677106052637,"collection/agents/info/passed":0.0005000000237487257,"eval/agents/reward/episode_reward_max":2.99466872215271,"eval/reward/episode_len_mean":200,"counters/iter":99,"collection/reward/episode_reward_mean":2.1702816486358643,"eval/agents/reward/episode_reward_mean":1.9747793674468994,"timers/training_time":7.896453142166138,"counters/total_frames":600000,"train/agents/kl_approx":0.006466957274824381,"_step":99,"train/agents/entropy":-0.1195305734872818}