{
    "vmas": {
        "joint_passage_size": {
            "mappo": {
                "seed_0": {
                    "absolute_metrics": {
                        "agents_return": [
                            3.3890185356140137
                        ],
                        "return": [
                            3.3890185356140137
                        ]
                    },
                    "step_0": {
                        "step_count": 6000,
                        "agents_return": [
                            -1.320540189743042,
                            0.025894656777381897,
                            0.8048352599143982,
                            -0.7045170664787292,
                            0.4261287748813629,
                            0.07331134378910065,
                            -1.2372963428497314,
                            -0.10357291996479034,
                            0.18914063274860382,
                            -0.12489452213048935
                        ],
                        "return": [
                            -1.320540189743042,
                            0.025894656777381897,
                            0.8048352599143982,
                            -0.7045170664787292,
                            0.4261287748813629,
                            0.07331134378910065,
                            -1.2372963428497314,
                            -0.10357291996479034,
                            0.18914063274860382,
                            -0.12489452213048935
                        ]
                    },
                    "step_1": {
                        "step_count": 120000,
                        "agents_return": [
                            1.9583543539047241,
                            -0.6027699708938599,
                            1.2405928373336792,
                            1.1255271434783936,
                            -0.08970408141613007,
                            -0.7103396654129028,
                            1.0627025365829468,
                            -0.375001460313797,
                            1.562963843345642,
                            1.606799602508545
                        ],
                        "return": [
                            1.9583543539047241,
                            -0.6027699708938599,
                            1.2405928373336792,
                            1.1255271434783936,
                            -0.08970408141613007,
                            -0.7103396654129028,
                            1.0627025365829468,
                            -0.375001460313797,
                            1.562963843345642,
                            1.606799602508545
                        ]
                    },
                    "step_2": {
                        "step_count": 240000,
                        "agents_return": [
                            -0.963906466960907,
                            -0.05093574523925781,
                            1.673904538154602,
                            0.47137805819511414,
                            2.2418558597564697,
                            0.5449937582015991,
                            1.3981351852416992,
                            1.8856709003448486,
                            1.5096346139907837,
                            1.1120409965515137
                        ],
                        "return": [
                            -0.963906466960907,
                            -0.05093574523925781,
                            1.673904538154602,
                            0.47137805819511414,
                            2.2418558597564697,
                            0.5449937582015991,
                            1.3981351852416992,
                            1.8856709003448486,
                            1.5096346139907837,
                            1.1120409965515137
                        ]
                    },
                    "step_3": {
                        "step_count": 360000,
                        "agents_return": [
                            2.356583595275879,
                            3.3890185356140137,
                            0.6576535701751709,
                            2.3056070804595947,
                            2.5101351737976074,
                            0.3022637367248535,
                            2.513504981994629,
                            2.5046730041503906,
                            3.013976812362671,
                            2.6370389461517334
                        ],
                        "return": [
                            2.356583595275879,
                            3.3890185356140137,
                            0.6576535701751709,
                            2.3056070804595947,
                            2.5101351737976074,
                            0.3022637367248535,
                            2.513504981994629,
                            2.5046730041503906,
                            3.013976812362671,
                            2.6370389461517334
                        ]
                    },
                    "step_4": {
                        "step_count": 480000,
                        "agents_return": [
                            0.9093180894851685,
                            2.1236438751220703,
                            0.23150894045829773,
                            3.3601059913635254,
                            2.5213844776153564,
                            2.191706657409668,
                            0.15570399165153503,
                            1.5843217372894287,
                            2.3059067726135254,
                            2.652080774307251
                        ],
                        "return": [
                            0.9093180894851685,
                            2.1236438751220703,
                            0.23150894045829773,
                            3.3601059913635254,
                            2.5213844776153564,
                            2.191706657409668,
                            0.15570399165153503,
                            1.5843217372894287,
                            2.3059067726135254,
                            2.652080774307251
                        ]
                    },
                    "step_5": {
                        "step_count": 600000,
                        "agents_return": [
                            2.694453239440918,
                            2.5648834705352783,
                            2.682751178741455,
                            2.5607199668884277,
                            2.99466872215271,
                            0.7810265421867371,
                            0.15718883275985718,
                            0.526355504989624,
                            2.118820905685425,
                            2.666923999786377
                        ],
                        "return": [
                            2.694453239440918,
                            2.5648834705352783,
                            2.682751178741455,
                            2.5607199668884277,
                            2.99466872215271,
                            0.7810265421867371,
                            0.15718883275985718,
                            0.526355504989624,
                            2.118820905685425,
                            2.666923999786377
                        ]
                    }
                }
            }
        }
    }
}