{
    "vmas": {
        "reverse_transport": {
            "mappo": {
                "seed_0": {
                    "absolute_metrics": {
                        "agents_return": [
                            2.1797637939453125
                        ],
                        "return": [
                            2.1797637939453125
                        ]
                    },
                    "step_0": {
                        "step_count": 6000,
                        "agents_return": [
                            0.6824188232421875,
                            0.5958404541015625,
                            0.813446044921875,
                            2.1797637939453125,
                            0.5330963134765625,
                            0.0,
                            0.2160797119140625,
                            1.285980224609375,
                            0.29096221923828125,
                            -0.6767311096191406
                        ],
                        "return": [
                            0.6824188232421875,
                            0.5958404541015625,
                            0.813446044921875,
                            2.1797637939453125,
                            0.5330963134765625,
                            0.0,
                            0.2160797119140625,
                            1.285980224609375,
                            0.29096221923828125,
                            -0.6767311096191406
                        ]
                    }
                }
            }
        }
    }
}