{
    "vmas": {
        "multi_give_way": {
            "masac": {
                "seed_0": {
                    "absolute_metrics": {
                        "agents_return": [
                            2.9872918128967285
                        ],
                        "return": [
                            2.9872918128967285
                        ]
                    },
                    "step_0": {
                        "step_count": 6000,
                        "agents_return": [
                            0.0,
                            0.0,
                            0.0,
                            0.0,
                            0.0,
                            0.0,
                            0.0,
                            0.0,
                            0.0,
                            0.0
                        ],
                        "return": [
                            0.0,
                            0.0,
                            0.0,
                            0.0,
                            0.0,
                            0.0,
                            0.0,
                            0.0,
                            0.0,
                            0.0
                        ]
                    },
                    "step_1": {
                        "step_count": 120000,
                        "agents_return": [
                            -5.95828104019165,
                            -5.95828104019165,
                            -5.95828104019165,
                            -5.95828104019165,
                            -5.95828104019165,
                            -5.95828104019165,
                            -5.95828104019165,
                            -5.959646701812744,
                            -5.958265781402588,
                            -5.958265781402588
                        ],
                        "return": [
                            -5.95828104019165,
                            -5.95828104019165,
                            -5.95828104019165,
                            -5.95828104019165,
                            -5.95828104019165,
                            -5.95828104019165,
                            -5.95828104019165,
                            -5.959646701812744,
                            -5.958265781402588,
                            -5.958265781402588
                        ]
                    },
                    "step_2": {
                        "step_count": 240000,
                        "agents_return": [
                            2.7765495777130127,
                            2.7765495777130127,
                            2.7765495777130127,
                            2.7765495777130127,
                            2.7765495777130127,
                            2.7765495777130127,
                            2.7765495777130127,
                            2.7765495777130127,
                            2.7765495777130127,
                            2.7765495777130127
                        ],
                        "return": [
                            2.7765495777130127,
                            2.7765495777130127,
                            2.7765495777130127,
                            2.7765495777130127,
                            2.7765495777130127,
                            2.7765495777130127,
                            2.7765495777130127,
                            2.7765495777130127,
                            2.7765495777130127,
                            2.7765495777130127
                        ]
                    },
                    "step_3": {
                        "step_count": 360000,
                        "agents_return": [
                            2.9187018871307373,
                            2.9187018871307373,
                            2.9187018871307373,
                            2.9187018871307373,
                            2.9187018871307373,
                            2.9187018871307373,
                            2.9187018871307373,
                            2.9187018871307373,
                            2.9187018871307373,
                            2.9187018871307373
                        ],
                        "return": [
                            2.9187018871307373,
                            2.9187018871307373,
                            2.9187018871307373,
                            2.9187018871307373,
                            2.9187018871307373,
                            2.9187018871307373,
                            2.9187018871307373,
                            2.9187018871307373,
                            2.9187018871307373,
                            2.9187018871307373
                        ]
                    },
                    "step_4": {
                        "step_count": 480000,
                        "agents_return": [
                            2.804335594177246,
                            2.804335594177246,
                            2.804335594177246,
                            2.804335594177246,
                            2.804335594177246,
                            2.804335594177246,
                            2.804335594177246,
                            2.804335594177246,
                            2.804335594177246,
                            2.804335594177246
                        ],
                        "return": [
                            2.804335594177246,
                            2.804335594177246,
                            2.804335594177246,
                            2.804335594177246,
                            2.804335594177246,
                            2.804335594177246,
                            2.804335594177246,
                            2.804335594177246,
                            2.804335594177246,
                            2.804335594177246
                        ]
                    },
                    "step_5": {
                        "step_count": 600000,
                        "agents_return": [
                            2.873431921005249,
                            2.873431921005249,
                            2.873431921005249,
                            2.873431921005249,
                            2.873431921005249,
                            2.873431921005249,
                            2.873431921005249,
                            2.873431921005249,
                            2.873431921005249,
                            2.873431921005249
                        ],
                        "return": [
                            2.873431921005249,
                            2.873431921005249,
                            2.873431921005249,
                            2.873431921005249,
                            2.873431921005249,
                            2.873431921005249,
                            2.873431921005249,
                            2.873431921005249,
                            2.873431921005249,
                            2.873431921005249
                        ]
                    },
                    "step_6": {
                        "step_count": 720000,
                        "agents_return": [
                            2.9102237224578857,
                            2.9102237224578857,
                            2.9102237224578857,
                            2.9102237224578857,
                            2.9102237224578857,
                            2.9102237224578857,
                            2.9102237224578857,
                            2.9102237224578857,
                            2.9102234840393066,
                            2.9102234840393066
                        ],