{"collection/agents/info/pos_rew":0.006745787803083658,"timers/training_time":0.9920151233673096,"timers/iteration_time":40.732062578201294,"_step":149,"eval/agents/reward/episode_reward_max":2.7211716175079346,"collection/reward/episode_reward_max":2.9130663871765137,"train/agents/clip_fraction":0.008080585859715939,"_runtime":49,"train/agents/loss_objective":-0.002084083156660199,"_wandb":{"runtime":49},"train/agents/loss_critic":0.0006860736175440252,"eval/video":{"width":700,"height":700,"_type":"video-file","sha256":"3002df4a5fb067b9c3ac0e99c707b6758ff1cbb996999bd119cbd69d2f801675","size":88308,"path":"media/videos/eval/video_149_3002df4a5fb067b9c3ac.mp4"},"train/agents/kl_approx":0.0020587460603564978,"eval/agents/reward/episode_reward_mean":2.7211718559265137,"collection/agents/reward/episode_reward_min":2.2706336975097656,"counters/current_frames":8000,"collection/reward/reward_min":-0.18271131813526154,"eval/reward/episode_reward_mean":2.7211718559265137,"timers/collection_time":15.392293453216553,"eval/reward/episode_reward_max":2.7211716175079346,"train/agents/grad_norm_loss_critic":0.03223973512649536,"collection/reward/episode_reward_min":2.2706336975097656,"counters/total_frames":1200000,"train/agents/ESS":0.9967363476753235,"collection/reward/episode_reward_mean":2.7933924198150635,"counters/iter":149,"eval/reward/episode_reward_min":2.7211716175079346,"_timestamp":1.7683153269240685e+09,"train/agents/loss_entropy":0.0005616807611659169,"collection/agents/info/final_rew":0,"timers/evaluation_time":16.96174144744873,"train/agents/grad_norm_loss_objective":0.00515355821698904,"train/agents/entropy":-0.0561680793762207,"eval/reward/episode_len_mean":400,"timers/total_time":2849.8322987556458,"eval/agents/reward/episode_reward_min":2.7211716175079346,"collection/agents/info/agent_collision_rew":-0.00013749999925494194,"collection/reward/reward_max":0.07106304168701172,"train/agents/explained_variance":0.9964185953140259,"collection/reward/reward_mean":0.006608287803828716,"collection/agents/reward/episode_reward_max":2.9130663871765137,"collection/agents/reward/episode_reward_mean":2.7933924198150635}