{
    "vmas": {
        "reverse_transport": {
            "mappo": {
                "seed_0": {
                    "absolute_metrics": {
                        "agents_return": [
                            4.831085205078125
                        ],
                        "return": [
                            4.831085205078125
                        ]
                    },
                    "step_0": {
                        "step_count": 6000,
                        "agents_return": [
                            0.24983978271484375,
                            2.077606201171875,
                            0.0,
                            4.831085205078125,
                            0.9012222290039062,
                            0.0,
                            2.956634521484375,
                            3.1071014404296875,
                            0.7176284790039062,
                            2.8836288452148438
                        ],
                        "return": [
                            0.24983978271484375,
                            2.077606201171875,
                            0.0,
                            4.831085205078125,
                            0.9012222290039062,
                            0.0,
                            2.956634521484375,
                            3.1071014404296875,
                            0.7176284790039062,
                            2.8836288452148438
                        ]
                    }
                }
            }
        }
    }
}