{"collection/reward/reward_min":-0.0347747802734375,"train/agents/grad_norm_loss_critic":1.864732027053833,"collection/agents/reward/episode_reward_min":0,"timers/evaluation_time":1.6726751327514648,"_timestamp":1.7682354716867929e+09,"collection/reward/reward_max":0.179718017578125,"train/agents/clip_fraction":0.05312870815396309,"train/agents/loss_objective":-0.13724258542060852,"collection/reward/episode_reward_min":0,"collection/agents/reward/episode_reward_max":34.69874572753906,"collection/agents/reward/episode_reward_mean":22.654390335083008,"train/agents/grad_norm_loss_objective":0.7438100576400757,"collection/reward/episode_reward_max":34.69874572753906,"train/agents/entropy":-1.479846477508545,"collection/reward/reward_mean":0.10101711004972458,"_runtime":2,"eval/video":{"path":"media/videos/eval/video_99_bcc46db6155951def097.mp4","width":1400,"height":1400,"_type":"video-file","sha256":"bcc46db6155951def09703a1b39fa6da09e2b7061eb3f7149f0bf5bf1f7e1e71","size":55243},"train/agents/kl_approx":0.005775438155978918,"collection/reward/episode_reward_mean":22.654390335083008,"train/agents/loss_entropy":0,"eval/reward/episode_reward_min":11.834663391113281,"counters/current_frames":6000,"eval/reward/episode_len_mean":244.4,"counters/iter":99,"train/agents/explained_variance":0.9469023942947388,"_step":99,"eval/agents/reward/episode_reward_min":11.834663391113281,"timers/collection_time":2.0802018642425537,"timers/iteration_time":10.96600890159607,"train/agents/ESS":0.9874139428138733,"train/agents/loss_critic":0.4998869299888611,"timers/training_time":4.520986795425415,"_wandb":{"runtime":2},"eval/agents/reward/episode_reward_mean":24.19354248046875,"eval/agents/reward/episode_reward_max":32.325889587402344,"counters/total_frames":600000,"eval/reward/episode_reward_mean":24.19354248046875,"timers/total_time":741.9222421646118,"eval/reward/episode_reward_max":32.325889587402344}