{
    "vmas": {
        "multi_give_way": {
            "mappo": {
                "seed_0": {
                    "absolute_metrics": {
                        "agents_return": [
                            2.7211716175079346
                        ],
                        "return": [
                            2.7211716175079346
                        ]
                    },
                    "step_0": {
                        "step_count": 8000,
                        "agents_return": [
                            -9.136119842529297,
                            -9.136119842529297,
                            -9.136119842529297,
                            -9.136119842529297,
                            -9.136119842529297,
                            -9.136119842529297,
                            -9.136119842529297,
                            -9.135722160339355,
                            -9.140982627868652,
                            -9.140982627868652
                        ],
                        "return": [
                            -9.136119842529297,
                            -9.136119842529297,
                            -9.136119842529297,
                            -9.136119842529297,
                            -9.136119842529297,
                            -9.136119842529297,
                            -9.136119842529297,
                            -9.135722160339355,
                            -9.140982627868652,
                            -9.140982627868652
                        ]
                    },
                    "step_1": {
                        "step_count": 120000,
                        "agents_return": [
                            2.5924718379974365,
                            2.5924718379974365,
                            2.5924718379974365,
                            2.5924718379974365,
                            2.5924718379974365,
                            2.5924718379974365,
                            2.5924718379974365,
                            2.5924718379974365,
                            2.5924718379974365,
                            2.5924718379974365
                        ],
                        "return": [
                            2.5924718379974365,
                            2.5924718379974365,
                            2.5924718379974365,
                            2.5924718379974365,
                            2.5924718379974365,
                            2.5924718379974365,
                            2.5924718379974365,
                            2.5924718379974365,
                            2.5924718379974365,
                            2.5924718379974365
                        ]
                    },
                    "step_2": {
                        "step_count": 240000,
                        "agents_return": [
                            2.6671738624572754,
                            2.6671738624572754,
                            2.6671738624572754,
                            2.6671738624572754,
                            2.6671738624572754,
                            2.6671738624572754,
                            2.6671738624572754,
                            2.6671738624572754,
                            2.6671738624572754,
                            2.6671738624572754
                        ],
                        "return": [
                            2.6671738624572754,
                            2.6671738624572754,
                            2.6671738624572754,
                            2.6671738624572754,
                            2.6671738624572754,
                            2.6671738624572754,
                            2.6671738624572754,
                            2.6671738624572754,
                            2.6671738624572754,
                            2.6671738624572754
                        ]
                    },
                    "step_3": {
                        "step_count": 360000,
                        "agents_return": [
                            2.494734287261963,
                            2.494734287261963,
                            2.494734287261963,
                            2.494734287261963,
                            2.494734287261963,
                            2.494734287261963,
                            2.494734287261963,
                            2.494734287261963,
                            2.4949753284454346,
                            2.4949753284454346
                        ],
                        "return": [
                            2.494734287261963,
                            2.494734287261963,
                            2.494734287261963,
                            2.494734287261963,
                            2.494734287261963,
                            2.494734287261963,
                            2.494734287261963,
                            2.494734287261963,
                            2.4949753284454346,
                            2.4949753284454346
                        ]
                    },
                    "step_4": {
                        "step_count": 480000,
                        "agents_return": [
                            2.605973243713379,
                            2.605973243713379,
                            2.605973243713379,
                            2.605973243713379,
                            2.605973243713379,
                            2.605973243713379,
                            2.605973243713379,
                            2.605973243713379,
                            2.605973482131958,
                            2.605973482131958
                        ],
                        "return": [
                            2.605973243713379,
                            2.605973243713379,
                            2.605973243713379,
                            2.605973243713379,
                            2.605973243713379,
                            2.605973243713379,
                            2.605973243713379,
                            2.605973243713379,
                            2.605973482131958,
                            2.605973482131958
                        ]
                    },
                    "step_5": {
                        "step_count": 600000,
                        "agents_return": [
                            2.7050697803497314,
                            2.7050697803497314,
                            2.7050697803497314,
                            2.7050697803497314,
                            2.7050697803497314,
                            2.7050697803497314,
                            2.7050697803497314,
                            2.7050697803497314,
                            2.7050697803497314,
                            2.7050697803497314
                        ],
                        "return": [
                            2.7050697803497314,
                            2.7050697803497314,
                            2.7050697803497314,
                            2.7050697803497314,
                            2.7050697803497314,
                            2.7050697803497314,
                            2.7050697803497314,
                            2.7050697803497314,
                            2.7050697803497314,
                            2.7050697803497314
                        ]
                    },
                    "step_6": {
                        "step_count": 720000,