{"collection/reward/episode_reward_min":-0.45774078369140625,"train/agents/entropy":1.2970131635665894,"timers/iteration_time":16.859128952026367,"eval/agents/reward/episode_reward_mean":1.7908214330673218,"collection/reward/reward_min":-0.06713485717773438,"_timestamp":1.7682348882554896e+09,"eval/agents/reward/episode_reward_min":0,"counters/total_frames":12000,"counters/iter":1,"collection/agents/reward/episode_reward_min":-0.45774078369140625,"train/agents/clip_fraction":0.09257962554693222,"_wandb":{"runtime":9},"timers/evaluation_time":4.2099082469940186,"eval/reward/episode_reward_mean":1.7908214330673218,"eval/video":{"_type":"video-file","sha256":"59d8ae4060bc339526ead60376180c136c48fa69c99b94c85545a88230ec3673","size":24873,"path":"media/videos/eval/video_0_59d8ae4060bc339526ea.mp4","width":700,"height":700},"eval/agents/reward/episode_reward_max":4.8289947509765625,"train/agents/loss_entropy":0,"train/agents/explained_variance":0.6947387456893921,"collection/reward/reward_mean":0.005471236538141966,"_runtime":9,"collection/reward/episode_reward_max":2.8290863037109375,"train/agents/loss_objective":-0.04488705098628998,"eval/reward/episode_len_mean":160.2,"train/agents/ESS":0.9829760789871216,"collection/agents/reward/episode_reward_max":2.8290863037109375,"eval/reward/episode_reward_min":0,"collection/agents/reward/episode_reward_mean":0.9418590664863586,"eval/reward/episode_reward_max":4.8289947509765625,"collection/reward/episode_reward_mean":0.9418590664863586,"train/agents/grad_norm_loss_objective":0.01523757353425026,"timers/collection_time":8.930997610092163,"train/agents/kl_approx":0.011310700327157974,"collection/reward/reward_max":0.1628570556640625,"train/agents/grad_norm_loss_critic":0.03142273426055908,"counters/current_frames":6000,"timers/total_time":43.34830904006958,"timers/training_time":7.925929307937622,"train/agents/loss_critic":0.002651975490152836,"_step":1}