{"train/agents/grad_norm_loss_alpha":0.08981844037771225,"timers/training_time":19.72484540939331,"collection/agents/reward/episode_reward_mean":2.988377571105957,"collection/reward/reward_min":-0.0982123389840126,"train/agents/loss_actor":-0.220777228474617,"timers/collection_time":19.870832443237305,"train/agents/entropy":-0.9797958135604858,"collection/agents/info/pos_rew":0.009977828711271286,"collection/agents/reward/episode_reward_max":3.019009590148926,"timers/evaluation_time":10.88261866569519,"collection/reward/episode_reward_mean":2.988377571105957,"counters/total_frames":1200000,"collection/agents/info/final_rew":0,"eval/agents/reward/episode_reward_mean":2.9872915744781494,"eval/agents/reward/episode_reward_min":2.9872918128967285,"collection/reward/reward_mean":0.009961161762475967,"eval/reward/episode_reward_mean":2.9872915744781494,"eval/agents/reward/episode_reward_max":2.9872918128967285,"_timestamp":1.7683264055002615e+09,"eval/reward/episode_reward_max":2.9872918128967285,"collection/reward/episode_reward_max":3.019009590148926,"_step":199,"collection/reward/episode_reward_min":2.9053497314453125,"train/agents/loss_qvalue":0.00023062183754518628,"collection/agents/reward/episode_reward_min":2.9053497314453125,"train/agents/grad_norm_loss_actor":0.005182673688977957,"eval/video":{"sha256":"1801ab986d4d08b6e4ba0ca9f7be649afe1d035297f07d1ca819c80d326ee6c0","size":103961,"path":"media/videos/eval/video_199_1801ab986d4d08b6e4ba.mp4","width":700,"height":700,"_type":"video-file"},"eval/reward/episode_reward_min":2.9872918128967285,"collection/agents/info/agent_collision_rew":-1.6666666851961054e-05,"_runtime":28,"counters/iter":199,"train/agents/alpha":0.0018830196931958199,"counters/current_frames":6000,"timers/iteration_time":56.019721269607544,"_wandb":{"runtime":28},"train/agents/grad_norm_loss_qvalue":0.021350134164094925,"timers/total_time":8103.9864337444305,"train/agents/loss_alpha":-0.12676824629306793,"eval/reward/episode_len_mean":250,"collection/reward/reward_max":0.10409212112426758}